,sendTime,sender,senderPseudo,messageID,pos,spd,acl,hed,class
sendTime,0.0,51368.31501386123,37.3876607588389,-34624.895006729625,0.0,0.0,0.0,62.82739308017458,0.0
sender,0.0,0.0,0.0,0.0,0.0,0.0,0.0,0.0,0.0
senderPseudo,0.0,-1.80341363991714,0.0,1.9911359587718098,0.0,0.0,0.0,0.0,0.0
messageID,0.0,0.9983173944646316,0.0,0.0,0.0,0.0,0.0,0.0,0.0
pos,0.0,0.33128586199581783,0.034326065556987,-0.3598157432194637,0.0,0.0,0.0,0.0,0.0
spd,0.0,0.3636116082965702,0.09798876586960333,-0.3910369562492181,0.14068978437372,0.0,0.0,0.0,0.0
acl,0.0,0.24303033128934964,0.028575514870782494,-0.25552415115147886,-0.06001424024814406,-0.04114654362270575,0.0,-0.1801847804358291,0.0
hed,0.0,-0.06949128401906939,-0.013570605797553844,0.07103885289033265,-0.07625112447452302,-0.043368819622834134,0.0,0.0,0.0
class,9.316042344258703e-05,-1.9809047538807398,2.121064530765913,0.0,1.0200625208288532,1.037015018831992,0.22272722851463558,-6.16916513700846,0.0
